{
    "IST": {
        "W": 10,
        "L": 21,
        "GP": 31,
        "WinPct": 0.3225806451612903
    },
    "TEL": {
        "W": 14,
        "L": 16,
        "GP": 30,
        "WinPct": 0.4666666666666667
    },
    "BAS": {
        "W": 9,
        "L": 22,
        "GP": 31,
        "WinPct": 0.2903225806451613
    },
    "OLY": {
        "W": 20,
        "L": 11,
        "GP": 31,
        "WinPct": 0.6451612903225806
    },
    "RED": {
        "W": 18,
        "L": 13,
        "GP": 31,
        "WinPct": 0.5806451612903226
    },
    "MIL": {
        "W": 16,
        "L": 15,
        "GP": 31,
        "WinPct": 0.5161290322580645
    },
    "DUB": {
        "W": 16,
        "L": 14,
        "GP": 30,
        "WinPct": 0.5333333333333333
    },
    "PAR": {
        "W": 10,
        "L": 20,
        "GP": 30,
        "WinPct": 0.3333333333333333
    },
    "HTA": {
        "W": 18,
        "L": 11,
        "GP": 29,
        "WinPct": 0.6206896551724138
    },
    "BAR": {
        "W": 17,
        "L": 14,
        "GP": 31,
        "WinPct": 0.5483870967741935
    },
    "PAN": {
        "W": 17,
        "L": 14,
        "GP": 31,
        "WinPct": 0.5483870967741935
    },
    "MUN": {
        "W": 13,
        "L": 18,
        "GP": 31,
        "WinPct": 0.41935483870967744
    },
    "VIR": {
        "W": 13,
        "L": 18,
        "GP": 31,
        "WinPct": 0.41935483870967744
    },
    "MAD": {
        "W": 20,
        "L": 11,
        "GP": 31,
        "WinPct": 0.6451612903225806
    },
    "ULK": {
        "W": 22,
        "L": 8,
        "GP": 30,
        "WinPct": 0.7333333333333333
    },
    "PRS": {
        "W": 12,
        "L": 19,
        "GP": 31,
        "WinPct": 0.3870967741935484
    },
    "MCO": {
        "W": 17,
        "L": 14,
        "GP": 31,
        "WinPct": 0.5483870967741935
    },
    "ZAL": {
        "W": 17,
        "L": 14,
        "GP": 31,
        "WinPct": 0.5483870967741935
    },
    "ASV": {
        "W": 8,
        "L": 23,
        "GP": 31,
        "WinPct": 0.25806451612903225
    },
    "PAM": {
        "W": 20,
        "L": 11,
        "GP": 31,
        "WinPct": 0.6451612903225806
    }
}