{
    "IST": {
        "W": 9,
        "L": 20,
        "GP": 29,
        "WinPct": 0.3103448275862069
    },
    "TEL": {
        "W": 14,
        "L": 15,
        "GP": 29,
        "WinPct": 0.4827586206896552
    },
    "BAS": {
        "W": 9,
        "L": 20,
        "GP": 29,
        "WinPct": 0.3103448275862069
    },
    "OLY": {
        "W": 18,
        "L": 10,
        "GP": 28,
        "WinPct": 0.6428571428571429
    },
    "RED": {
        "W": 17,
        "L": 12,
        "GP": 29,
        "WinPct": 0.5862068965517241
    },
    "MIL": {
        "W": 14,
        "L": 15,
        "GP": 29,
        "WinPct": 0.4827586206896552
    },
    "DUB": {
        "W": 15,
        "L": 14,
        "GP": 29,
        "WinPct": 0.5172413793103449
    },
    "PAR": {
        "W": 9,
        "L": 20,
        "GP": 29,
        "WinPct": 0.3103448275862069
    },
    "HTA": {
        "W": 17,
        "L": 11,
        "GP": 28,
        "WinPct": 0.6071428571428571
    },
    "BAR": {
        "W": 17,
        "L": 12,
        "GP": 29,
        "WinPct": 0.5862068965517241
    },
    "PAN": {
        "W": 16,
        "L": 13,
        "GP": 29,
        "WinPct": 0.5517241379310345
    },
    "MUN": {
        "W": 12,
        "L": 17,
        "GP": 29,
        "WinPct": 0.41379310344827586
    },
    "VIR": {
        "W": 13,
        "L": 16,
        "GP": 29,
        "WinPct": 0.4482758620689655
    },
    "MAD": {
        "W": 18,
        "L": 11,
        "GP": 29,
        "WinPct": 0.6206896551724138
    },
    "ULK": {
        "W": 21,
        "L": 7,
        "GP": 28,
        "WinPct": 0.75
    },
    "PRS": {
        "W": 10,
        "L": 18,
        "GP": 28,
        "WinPct": 0.35714285714285715
    },
    "MCO": {
        "W": 16,
        "L": 13,
        "GP": 29,
        "WinPct": 0.5517241379310345
    },
    "ZAL": {
        "W": 17,
        "L": 12,
        "GP": 29,
        "WinPct": 0.5862068965517241
    },
    "ASV": {
        "W": 7,
        "L": 22,
        "GP": 29,
        "WinPct": 0.2413793103448276
    },
    "PAM": {
        "W": 19,
        "L": 10,
        "GP": 29,
        "WinPct": 0.6551724137931034
    }
}