{
    "PAN": {
        "W": 25,
        "L": 16,
        "GP": 41,
        "WinPct": 0.6097560975609756
    },
    "BER": {
        "W": 5,
        "L": 29,
        "GP": 34,
        "WinPct": 0.14705882352941177
    },
    "MCO": {
        "W": 25,
        "L": 16,
        "GP": 41,
        "WinPct": 0.6097560975609756
    },
    "MIL": {
        "W": 17,
        "L": 17,
        "GP": 34,
        "WinPct": 0.5
    },
    "ZAL": {
        "W": 15,
        "L": 19,
        "GP": 34,
        "WinPct": 0.4411764705882353
    },
    "BAR": {
        "W": 22,
        "L": 17,
        "GP": 39,
        "WinPct": 0.5641025641025641
    },
    "BAS": {
        "W": 14,
        "L": 20,
        "GP": 34,
        "WinPct": 0.4117647058823529
    },
    "PAR": {
        "W": 16,
        "L": 18,
        "GP": 34,
        "WinPct": 0.47058823529411764
    },
    "MUN": {
        "W": 20,
        "L": 16,
        "GP": 36,
        "WinPct": 0.5555555555555556
    },
    "MAD": {
        "W": 22,
        "L": 18,
        "GP": 40,
        "WinPct": 0.55
    },
    "TEL": {
        "W": 11,
        "L": 23,
        "GP": 34,
        "WinPct": 0.3235294117647059
    },
    "ASV": {
        "W": 13,
        "L": 21,
        "GP": 34,
        "WinPct": 0.38235294117647056
    },
    "ULK": {
        "W": 28,
        "L": 11,
        "GP": 39,
        "WinPct": 0.717948717948718
    },
    "OLY": {
        "W": 28,
        "L": 12,
        "GP": 40,
        "WinPct": 0.7
    },
    "RED": {
        "W": 18,
        "L": 17,
        "GP": 35,
        "WinPct": 0.5142857142857142
    },
    "PRS": {
        "W": 20,
        "L": 18,
        "GP": 38,
        "WinPct": 0.5263157894736842
    },
    "IST": {
        "W": 22,
        "L": 17,
        "GP": 39,
        "WinPct": 0.5641025641025641
    },
    "VIR": {
        "W": 9,
        "L": 25,
        "GP": 34,
        "WinPct": 0.2647058823529412
    }
}