{
    "IST": {
        "W": 9,
        "L": 21,
        "GP": 30,
        "WinPct": 0.3
    },
    "TEL": {
        "W": 14,
        "L": 15,
        "GP": 29,
        "WinPct": 0.4827586206896552
    },
    "BAS": {
        "W": 9,
        "L": 21,
        "GP": 30,
        "WinPct": 0.3
    },
    "OLY": {
        "W": 19,
        "L": 10,
        "GP": 29,
        "WinPct": 0.6551724137931034
    },
    "RED": {
        "W": 17,
        "L": 13,
        "GP": 30,
        "WinPct": 0.5666666666666667
    },
    "MIL": {
        "W": 15,
        "L": 15,
        "GP": 30,
        "WinPct": 0.5
    },
    "DUB": {
        "W": 15,
        "L": 14,
        "GP": 29,
        "WinPct": 0.5172413793103449
    },
    "PAR": {
        "W": 9,
        "L": 20,
        "GP": 29,
        "WinPct": 0.3103448275862069
    },
    "HTA": {
        "W": 17,
        "L": 11,
        "GP": 28,
        "WinPct": 0.6071428571428571
    },
    "BAR": {
        "W": 17,
        "L": 13,
        "GP": 30,
        "WinPct": 0.5666666666666667
    },
    "PAN": {
        "W": 16,
        "L": 14,
        "GP": 30,
        "WinPct": 0.5333333333333333
    },
    "MUN": {
        "W": 13,
        "L": 17,
        "GP": 30,
        "WinPct": 0.43333333333333335
    },
    "VIR": {
        "W": 13,
        "L": 17,
        "GP": 30,
        "WinPct": 0.43333333333333335
    },
    "MAD": {
        "W": 19,
        "L": 11,
        "GP": 30,
        "WinPct": 0.6333333333333333
    },
    "ULK": {
        "W": 22,
        "L": 7,
        "GP": 29,
        "WinPct": 0.7586206896551724
    },
    "PRS": {
        "W": 11,
        "L": 18,
        "GP": 29,
        "WinPct": 0.3793103448275862
    },
    "MCO": {
        "W": 16,
        "L": 14,
        "GP": 30,
        "WinPct": 0.5333333333333333
    },
    "ZAL": {
        "W": 17,
        "L": 13,
        "GP": 30,
        "WinPct": 0.5666666666666667
    },
    "ASV": {
        "W": 8,
        "L": 22,
        "GP": 30,
        "WinPct": 0.26666666666666666
    },
    "PAM": {
        "W": 20,
        "L": 10,
        "GP": 30,
        "WinPct": 0.6666666666666666
    }
}