{
    "IST": {
        "W": 9,
        "L": 19,
        "GP": 28,
        "WinPct": 0.32142857142857145
    },
    "TEL": {
        "W": 13,
        "L": 15,
        "GP": 28,
        "WinPct": 0.4642857142857143
    },
    "BAS": {
        "W": 9,
        "L": 19,
        "GP": 28,
        "WinPct": 0.32142857142857145
    },
    "OLY": {
        "W": 18,
        "L": 9,
        "GP": 27,
        "WinPct": 0.6666666666666666
    },
    "RED": {
        "W": 16,
        "L": 12,
        "GP": 28,
        "WinPct": 0.5714285714285714
    },
    "MIL": {
        "W": 14,
        "L": 14,
        "GP": 28,
        "WinPct": 0.5
    },
    "DUB": {
        "W": 14,
        "L": 14,
        "GP": 28,
        "WinPct": 0.5
    },
    "PAR": {
        "W": 9,
        "L": 19,
        "GP": 28,
        "WinPct": 0.32142857142857145
    },
    "HTA": {
        "W": 16,
        "L": 11,
        "GP": 27,
        "WinPct": 0.5925925925925926
    },
    "BAR": {
        "W": 17,
        "L": 11,
        "GP": 28,
        "WinPct": 0.6071428571428571
    },
    "PAN": {
        "W": 16,
        "L": 12,
        "GP": 28,
        "WinPct": 0.5714285714285714
    },
    "MUN": {
        "W": 12,
        "L": 16,
        "GP": 28,
        "WinPct": 0.42857142857142855
    },
    "VIR": {
        "W": 12,
        "L": 16,
        "GP": 28,
        "WinPct": 0.42857142857142855
    },
    "MAD": {
        "W": 17,
        "L": 11,
        "GP": 28,
        "WinPct": 0.6071428571428571
    },
    "ULK": {
        "W": 20,
        "L": 7,
        "GP": 27,
        "WinPct": 0.7407407407407407
    },
    "PRS": {
        "W": 9,
        "L": 18,
        "GP": 27,
        "WinPct": 0.3333333333333333
    },
    "MCO": {
        "W": 16,
        "L": 12,
        "GP": 28,
        "WinPct": 0.5714285714285714
    },
    "ZAL": {
        "W": 16,
        "L": 12,
        "GP": 28,
        "WinPct": 0.5714285714285714
    },
    "ASV": {
        "W": 7,
        "L": 21,
        "GP": 28,
        "WinPct": 0.25
    },
    "PAM": {
        "W": 18,
        "L": 10,
        "GP": 28,
        "WinPct": 0.6428571428571429
    }
}